1,implement
2,utilize
3,integrate
4,streamline
5,optimize
6,evolve
7,transform
8,embrace
9,enable
10,orchestrate
11,leverage
12,reinvent
13,aggregate
14,architect
15,enhance
16,incentivize
17,morph
18,empower
19,envisioneer
20,monetize
21,harness
22,facilitate
23,seize
24,disintermediate
25,synergize
26,strategize
27,deploy
28,brand
29,grow
30,target
31,syndicate
32,synthesize
33,deliver
34,mesh
35,incubate
36,engage
37,maximize
38,benchmark
39,expedite
40,reintermediate
41,whiteboard
42,visualize
43,repurpose
44,innovate
45,scale
46,unleash
47,drive
48,extend
49,engineer
50,revolutionize
51,generate
52,exploit
53,transition
54,e-enable
55,iterate
56,cultivate
57,matrix
58,productize
59,redefine
60,recontextualize
61,catalyze
